-- phpMyAdmin SQL Dump
-- version 5.1.1
-- https://www.phpmyadmin.net/
--
-- Host: 127.0.0.1
-- Czas generowania: 14 Gru 2022, 08:19
-- Wersja serwera: 10.4.19-MariaDB
-- Wersja PHP: 8.0.7

SET SQL_MODE = "NO_AUTO_VALUE_ON_ZERO";
START TRANSACTION;
SET time_zone = "+00:00";


/*!40101 SET @OLD_CHARACTER_SET_CLIENT=@@CHARACTER_SET_CLIENT */;
/*!40101 SET @OLD_CHARACTER_SET_RESULTS=@@CHARACTER_SET_RESULTS */;
/*!40101 SET @OLD_COLLATION_CONNECTION=@@COLLATION_CONNECTION */;
/*!40101 SET NAMES utf8mb4 */;

--
-- Baza danych: `matura2020`
--

-- --------------------------------------------------------

--
-- Struktura tabeli dla tabeli `jezyki`
--

CREATE TABLE `jezyki` (
  `Jezyk` varchar(21) DEFAULT NULL,
  `Rodzina` varchar(26) DEFAULT NULL
) ENGINE=InnoDB DEFAULT CHARSET=utf8;

--
-- Zrzut danych tabeli `jezyki`
--

INSERT INTO `jezyki` (`Jezyk`, `Rodzina`) VALUES
('aceh', 'austronezyjska'),
('acholi', 'nilo-saharyjska'),
('adhola', 'nilo-saharyjska'),
('adi', 'sino-tybetanska'),
('adygejski', 'abchasko-adygijska'),
('afar', 'afroazjatycka'),
('afrikaans', 'indoeuropejska'),
('aimaq', 'indoeuropejska'),
('akha', 'sino-tybetanska'),
('aklanon', 'austronezyjska'),
('albanski', 'indoeuropejska'),
('altajski', 'abchasko-adygijska'),
('alur', 'nilo-saharyjska'),
('alzacki', 'indoeuropejska'),
('ama', 'nilo-saharyjska'),
('ambonski', 'austronezyjska'),
('amharski', 'afroazjatycka'),
('angami', 'sino-tybetanska'),
('angielski', 'indoeuropejska'),
('ao', 'sino-tybetanska'),
('arabski', 'afroazjatycka'),
('aringa', 'nilo-saharyjska'),
('armenski', 'indoeuropejska'),
('assamski', 'indoeuropejska'),
('asu', 'nigero-kongijska'),
('asyryjski', 'afroazjatycka'),
('awarski', 'polnocno-wschodniokaukaska'),
('azerski', 'turecka'),
('bacama', 'afroazjatycka'),
('bahnar', 'austroazjatycka'),
('bai', 'sino-tybetanska'),
('bali', 'austronezyjska'),
('bandzarski', 'austronezyjska'),
('bangka', 'austronezyjska'),
('basasemawa', 'austronezyjska'),
('baskijski', 'jezyk izolowany'),
('baszkirski', 'turecka'),
('bata', 'afroazjatycka'),
('batakangkola', 'austronezyjska'),
('batakdairi', 'austronezyjska'),
('batakkaro', 'austronezyjska'),
('batakmandailing', 'austronezyjska'),
('bataksimalungun', 'austronezyjska'),
('bataktoba', 'austronezyjska'),
('bedawiyet', 'afroazjatycka'),
('beja', 'afroazjatycka'),
('beludzi', 'indoeuropejska'),
('bemba', 'nigero-kongijska'),
('bembe', 'nigero-kongijska'),
('bena', 'nigero-kongijska'),
('bengalski', 'indoeuropejska'),
('berta', 'nilo-saharyjska'),
('betawi', 'austronezyjska'),
('bhili', 'indoeuropejska'),
('bialoruski', 'indoeuropejska'),
('bikol', 'austronezyjska'),
('bima', 'austronezyjska'),
('birmanski', 'sino-tybetanska'),
('blang', 'austroazjatycka'),
('bodo', 'sino-tybetanska'),
('borana', 'afroazjatycka'),
('brahui', 'drawidyjska'),
('bretonski', 'indoeuropejska'),
('budu', 'nigero-kongijska'),
('bugis', 'austronezyjska'),
('bulgarski', 'indoeuropejska'),
('buriacki', 'mongolska'),
('buyei', 'dajska'),
('caolan', 'dajska'),
('cebuano', 'austronezyjska'),
('ch\'ol', 'majanska'),
('chaldejski', 'afroazjatycka'),
('cham', 'austronezyjska'),
('chavacano', 'indoeuropejska'),
('chidigo', 'nigero-kongijska'),
('chiduruma', 'nigero-kongijska'),
('chiga', 'nigero-kongijska'),
('chin', 'sino-tybetanska'),
('chinantec', 'otomang'),
('chokwe', 'nigero-kongijska'),
('coorgi', 'drawidyjska'),
('czeczenski', 'polnocno-wschodniokaukaska'),
('czuwaski', 'turecka'),
('dargwa', 'polnocno-wschodniokaukaska'),
('dari', 'indoeuropejska'),
('daur', 'mongolska'),
('dawida', 'nigero-kongijska'),
('dholuo', 'nilo-saharyjska'),
('dimasa', 'sino-tybetanska'),
('dogri', 'indoeuropejska'),
('domari', 'indoeuropejska'),
('dongxiang', 'mongolska'),
('edo', 'nigero-kongijska'),
('ekegusii', 'nigero-kongijska'),
('fipa', 'nigero-kongijska'),
('francuski', 'indoeuropejska'),
('friulski', 'indoeuropejska'),
('fula', 'nigero-kongijska'),
('fuliiru', 'nigero-kongijska'),
('fumbira', 'nigero-kongijska'),
('fur', 'nilo-saharyjska'),
('galicyjski', 'indoeuropejska'),
('gamo', 'afroazjatycka'),
('ganda', 'nigero-kongijska'),
('garo', 'sino-tybetanska'),
('gayo', 'austronezyjska'),
('gedeo', 'afroazjatycka'),
('gikuyu', 'nigero-kongijska'),
('gilaki', 'indoeuropejska'),
('gogo', 'nigero-kongijska'),
('gondi', 'drawidyjska'),
('gorontalo', 'austronezyjska'),
('grecki', 'indoeuropejska'),
('guarani', 'tupi'),
('gudzaracki', 'indoeuropejska'),
('gungu', 'nigero-kongijska'),
('gurage', 'afroazjatycka'),
('gurani', 'indoeuropejska'),
('gwere', 'nigero-kongijska'),
('ha', 'nigero-kongijska'),
('hadiyya', 'afroazjatycka'),
('hakka', 'hmong-mien'),
('halabi', 'indoeuropejska'),
('hangaza', 'nigero-kongijska'),
('hani', 'sino-tybetanska'),
('hausa', 'afroazjatycka'),
('haya', 'nigero-kongijska'),
('hazaragi', 'indoeuropejska'),
('hebrajski', 'afroazjatycka'),
('hehe', 'nigero-kongijska'),
('hiligaynon', 'austronezyjska'),
('hindi', 'indoeuropejska'),
('hiszpanski', 'indoeuropejska'),
('hlai', 'dajska'),
('hmong', 'hmong-mien'),
('ho', 'austroazjatycka'),
('hokkien', 'austronezyjska'),
('holenderski', 'indoeuropejska'),
('huastec', 'majanska'),
('ibanag', 'austronezyjska'),
('ibibio', 'nigero-kongijska'),
('idakho', 'nigero-kongijska'),
('igbo', 'nigero-kongijska'),
('ijaw', 'nigero-kongijska'),
('ilocano', 'austronezyjska'),
('indonezyjski', 'austronezyjska'),
('inguski', 'polnocno-wschodniokaukaska'),
('iraqw', 'afroazjatycka'),
('izere', 'nigero-kongijska'),
('jambi', 'austronezyjska'),
('japonski', 'jezyk izolowany'),
('jarai', 'austronezyjska'),
('jawajski', 'austronezyjska'),
('jidysz', 'indoeuropejska'),
('jingpo', 'sino-tybetanska'),
('jinpgho', 'sino-tybetanska'),
('jita', 'nigero-kongijska'),
('kabardyjski', 'abchasko-adygijska'),
('kabyle', 'afroazjatycka'),
('kafa', 'afroazjatycka'),
('kagulu', 'nigero-kongijska'),
('kakwa', 'nilo-saharyjska'),
('kam', 'dajska'),
('kamba', 'nigero-kongijska'),
('kannada', 'drawidyjska'),
('kantonski', 'sino-tybetanska'),
('kanuri', 'nilo-saharyjska'),
('kanyok', 'nigero-kongijska'),
('kapampangan', 'austronezyjska'),
('karaczajsko-balkarski', 'turecka'),
('karbi', 'sino-tybetanska'),
('karen', 'sino-tybetanska'),
('kaszmirski', 'indoeuropejska'),
('kaszubski', 'indoeuropejska'),
('katalonski', 'indoeuropejska'),
('kayah', 'sino-tybetanska'),
('kayan', 'sino-tybetanska'),
('kazakh', 'turecka'),
('keczua', 'keczua'),
('kele', 'nigero-kongijska'),
('kenye', 'nigero-kongijska'),
('kerewe', 'nigero-kongijska'),
('khammuang', 'dajska'),
('khandeshi', 'indoeuropejska'),
('kharia', 'austroazjatycka'),
('khasi', 'austroazjatycka'),
('khmerski', 'austroazjatycka'),
('khun', 'dajska'),
('kiembu', 'nigero-kongijska'),
('kigiryama', 'nigero-kongijska'),
('kimmun', 'hmong-mien'),
('kimiiru', 'nigero-kongijska'),
('kinaray-a', 'austronezyjska'),
('kinga', 'nigero-kongijska'),
('kinyarwanda', 'nigero-kongijska'),
('kipsigis', 'nilo-saharyjska'),
('kirgiski', 'turecka'),
('kisan', 'drawidyjska'),
('kitharaka', 'nigero-kongijska'),
('kituba', 'nigero-kongijska'),
('koho', 'austroazjatycka'),
('kolami', 'drawidyjska'),
('komering', 'austronezyjska'),
('komi', 'uralska'),
('konkani', 'indoeuropejska'),
('konyak', 'sino-tybetanska'),
('konzo', 'nigero-kongijska'),
('koongo', 'nigero-kongijska'),
('koreanski', 'jezyk izolowany'),
('korku', 'austroazjatycka'),
('koya', 'drawidyjska'),
('kri', 'algijska'),
('kui', 'drawidyjska'),
('kumam', 'nilo-saharyjska'),
('kumyk', 'turecka'),
('kupsapiiny', 'nilo-saharyjska'),
('kurdyjski', 'indoeuropejska'),
('kuria', 'nigero-kongijska'),
('kurukh', 'drawidyjska'),
('kuvi', 'drawidyjska'),
('kuy', 'austroazjatycka'),
('kwaya', 'nigero-kongijska'),
('ladakhi', 'sino-tybetanska'),
('lahu', 'sino-tybetanska'),
('lak', 'polnocno-wschodniokaukaska'),
('langi', 'nigero-kongijska'),
('lango', 'nilo-saharyjska'),
('lao', 'dajska'),
('laotanski', 'dajska'),
('lega-shabunda', 'nigero-kongijska'),
('lewotobi', 'austronezyjska'),
('lezgi', 'polnocno-wschodniokaukaska'),
('lingala', 'nigero-kongijska'),
('lisu', 'sino-tybetanska'),
('logo', 'nigero-kongijska'),
('lotha', 'sino-tybetanska'),
('luba-kasai', 'nigero-kongijska'),
('luba-katanga', 'nigero-kongijska'),
('lubukusu', 'nigero-kongijska'),
('lugbara', 'nilo-saharyjska'),
('luguru', 'nigero-kongijska'),
('lukabaras', 'nigero-kongijska'),
('lulogooli', 'nigero-kongijska'),
('luo', 'nilo-saharyjska'),
('luri', 'indoeuropejska'),
('lutachoni', 'nigero-kongijska'),
('ma\'di', 'nilo-saharyjska'),
('maasai', 'nilo-saharyjska'),
('macedonski', 'indoeuropejska'),
('machame', 'nigero-kongijska'),
('madurese', 'austronezyjska'),
('maguindanao', 'austronezyjska'),
('maithili', 'indoeuropejska'),
('makassarese', 'austronezyjska'),
('makhuwa-meetto', 'nigero-kongijska'),
('makonde', 'nigero-kongijska'),
('malayalam', 'drawidyjska'),
('malto', 'drawidyjska'),
('mambwe-lungu', 'nigero-kongijska'),
('mandarynski', 'sino-tybetanska'),
('mangbetu', 'nigero-kongijska'),
('manggarai', 'austronezyjska'),
('maonan', 'dajska'),
('mapuche', 'jezyk izolowany'),
('maranao', 'austronezyjska'),
('marathi', 'indoeuropejska'),
('markweeta', 'nilo-saharyjska'),
('maryjski', 'uralska'),
('masaaba', 'nigero-kongijska'),
('masalit', 'nilo-saharyjska'),
('masbateno', 'austronezyjska'),
('matengo', 'nigero-kongijska'),
('maya', 'majanska'),
('mayogo', 'nigero-kongijska'),
('mazahua', 'otomang'),
('mazatec', 'otomang'),
('mbadja', 'nigero-kongijska'),
('meitei', 'sino-tybetanska'),
('mien', 'hmong-mien'),
('minnan', 'sino-tybetanska'),
('minangkabau', 'austronezyjska'),
('minhasan', 'austronezyjska'),
('mishing', 'sino-tybetanska'),
('mixe', 'jezyk izolowany'),
('mixtec', 'otomang'),
('mizo', 'sino-tybetanska'),
('mochi', 'nigero-kongijska'),
('molukanski', 'austronezyjska'),
('mon', 'austroazjatycka'),
('mongo-nkundu', 'nigero-kongijska'),
('mongolski', 'mongolska'),
('mongondow', 'austronezyjska'),
('monguor', 'mongolska'),
('mulam', 'dajska'),
('muna', 'austronezyjska'),
('munda', 'austroazjatycka'),
('mundari', 'austroazjatycka'),
('muong', 'austroazjatycka'),
('musi', 'austronezyjska'),
('mwera', 'nigero-kongijska'),
('nahuatl', 'uto-aztecka'),
('nande', 'nigero-kongijska'),
('nandi', 'nilo-saharyjska'),
('nashi', 'sino-tybetanska'),
('navajo', 'na-dene'),
('ndali', 'nigero-kongijska'),
('ndebele', 'nigero-kongijska'),
('ndendule', 'nigero-kongijska'),
('nepalski', 'indoeuropejska'),
('ng\'akarimojong', 'nilo-saharyjska'),
('ngajudayak', 'austronezyjska'),
('ngaw', 'dajska'),
('ngbaka', 'nigero-kongijska'),
('ngbandi', 'nigero-kongijska'),
('ngingo', 'nigero-kongijska'),
('ngiti', 'nigero-kongijska'),
('ngoni', 'nigero-kongijska'),
('ngulu', 'nigero-kongijska'),
('nias', 'austronezyjska'),
('niemiecki', 'indoeuropejska'),
('nilamba', 'nigero-kongijska'),
('nissi', 'sino-tybetanska'),
('nobiin', 'nilo-saharyjska'),
('nung', 'dajska'),
('nyakyusa-ngonde', 'nigero-kongijska'),
('nyala', 'nigero-kongijska'),
('nyambo', 'nigero-kongijska'),
('nyamwezi', 'nigero-kongijska'),
('nyankore', 'nigero-kongijska'),
('nyaturu', 'nigero-kongijska'),
('nyiha', 'nigero-kongijska'),
('nyole', 'nilo-saharyjska'),
('nyoro', 'nigero-kongijska'),
('odia', 'indoeuropejska'),
('okcytanski', 'indoeuropejska'),
('okinawski', 'jezyk izolowany'),
('olukhayo', 'nigero-kongijska'),
('olumarachi', 'nigero-kongijska'),
('olumarama', 'nigero-kongijska'),
('olunyole', 'nigero-kongijska'),
('olusamia', 'nigero-kongijska'),
('olushisa', 'nigero-kongijska'),
('olutsotso', 'nigero-kongijska'),
('oluwanga', 'nigero-kongijska'),
('oromo', 'afroazjatycka'),
('osing', 'austronezyjska'),
('ossetic', 'indoeuropejska'),
('otomi', 'otomang'),
('pa\'o', 'sino-tybetanska'),
('paktai', 'dajska'),
('palaung', 'austroazjatycka'),
('pangasinan', 'austronezyjska'),
('pashai', 'indoeuropejska'),
('paszto', 'indoeuropejska'),
('pendzabski', 'indoeuropejska'),
('perski', 'indoeuropejska'),
('phende', 'nigero-kongijska'),
('phom', 'sino-tybetanska'),
('phuthai', 'dajska'),
('pogolo', 'nigero-kongijska'),
('pokoot', 'nilo-saharyjska'),
('polski', 'indoeuropejska'),
('portugalski', 'indoeuropejska'),
('purepecha', 'jezyk izolowany'),
('qiang', 'sino-tybetanska'),
('rabha', 'sino-tybetanska'),
('rade', 'austronezyjska'),
('rakhine', 'sino-tybetanska'),
('rejang', 'austronezyjska'),
('roglai', 'austronezyjska'),
('rohingya', 'indoeuropejska'),
('romski', 'indoeuropejska'),
('rosyjski', 'indoeuropejska'),
('rumunski', 'indoeuropejska'),
('ruund', 'nigero-kongijska'),
('saamia', 'nigero-kongijska'),
('sabaot', 'nilo-saharyjska'),
('safwa', 'nigero-kongijska'),
('sagalla', 'nigero-kongijska'),
('salar', 'turecka'),
('sanga', 'nigero-kongijska'),
('santali', 'austroazjatycka'),
('saraiki', 'indoeuropejska'),
('sasak', 'austronezyjska'),
('savara', 'austroazjatycka'),
('sedang', 'austroazjatycka'),
('sema', 'sino-tybetanska'),
('serbsko-chorwacki', 'indoeuropejska'),
('sesotho', 'nigero-kongijska'),
('shambala', 'nigero-kongijska'),
('shan', 'dajska'),
('shi', 'nigero-kongijska'),
('shubi', 'nigero-kongijska'),
('sidamo', 'afroazjatycka'),
('sindhi', 'indoeuropejska'),
('soga', 'nigero-kongijska'),
('somalijski', 'afroazjatycka'),
('songe', 'nigero-kongijska'),
('sotho', 'nigero-kongijska'),
('suahili', 'nigero-kongijska'),
('suazi', 'nigero-kongijska'),
('suba', 'nigero-kongijska'),
('sui', 'dajska'),
('sukuma', 'nigero-kongijska'),
('sumbwa', 'nigero-kongijska'),
('sundanese', 'austronezyjska'),
('surigaonon', 'austronezyjska'),
('taabwa', 'nigero-kongijska'),
('tabasaran', 'polnocno-wschodniokaukaska'),
('tachawit', 'afroazjatycka'),
('tachelhit', 'afroazjatycka'),
('tae', 'austronezyjska'),
('tagalog', 'austronezyjska'),
('taidaeng', 'dajska'),
('taidam', 'dajska'),
('taidon', 'dajska'),
('tajski', 'dajska'),
('talinga-bwisi', 'nigero-kongijska'),
('tamazight', 'afroazjatycka'),
('tamilski', 'drawidyjska'),
('tangkhul', 'sino-tybetanska'),
('tarift', 'afroazjatycka'),
('tatarski', 'turecka'),
('tausug', 'austronezyjska'),
('tavoyan', 'sino-tybetanska'),
('tay', 'dajska'),
('telugu', 'drawidyjska'),
('tembo', 'nigero-kongijska'),
('teso', 'nilo-saharyjska'),
('tetela', 'nigero-kongijska'),
('tetum', 'austronezyjska'),
('thado', 'sino-tybetanska'),
('thai', 'dajska'),
('thur', 'nilo-saharyjska'),
('tibetan', 'sino-tybetanska'),
('tigrinya', 'afroazjatycka'),
('tiv', 'nigero-kongijska'),
('tlapanec', 'otomang'),
('tolaki', 'austronezyjska'),
('tooro', 'nigero-kongijska'),
('toraja-sa\'dan', 'austronezyjska'),
('totonac', 'jezyk izolowany'),
('tripuri', 'sino-tybetanska'),
('tseltal', 'majanska'),
('tsonga', 'nigero-kongijska'),
('tsotsil', 'majanska'),
('tswana', 'nigero-kongijska'),
('tujia', 'sino-tybetanska'),
('tulu', 'drawidyjska'),
('turecki', 'turecka'),
('turkana', 'nilo-saharyjska'),
('turkmenski', 'turecka'),
('tuwinski', 'turecka'),
('uabmeto', 'austronezyjska'),
('ujgurski', 'turecka'),
('ukrainski', 'indoeuropejska'),
('urdu', 'indoeuropejska'),
('urum', 'turecka'),
('uzbecki', 'turecka'),
('va', 'austroazjatycka'),
('venda', 'nigero-kongijska'),
('vunjo', 'nigero-kongijska'),
('wa', 'austroazjatycka'),
('walijski', 'indoeuropejska'),
('waray-waray', 'austronezyjska'),
('wegierski', 'uralska'),
('wietnamski', 'austroazjatycka'),
('wloski', 'indoeuropejska'),
('wolaytta', 'afroazjatycka'),
('xhosa', 'nigero-kongijska'),
('xibe', 'tungusko-mandzurska'),
('yaka', 'nigero-kongijska'),
('yakan', 'austronezyjska'),
('yao', 'nigero-kongijska'),
('yawi', 'austronezyjska'),
('yi', 'sino-tybetanska'),
('yombe', 'nigero-kongijska'),
('yoruba', 'nigero-kongijska'),
('zaghawa', 'nilo-saharyjska'),
('zanaki', 'nigero-kongijska'),
('zande', 'nigero-kongijska'),
('zapotec', 'otomang'),
('zazaki', 'indoeuropejska'),
('zhuang', 'dajska'),
('zigula', 'nigero-kongijska'),
('zinza', 'nigero-kongijska'),
('zulu', 'nigero-kongijska');

-- --------------------------------------------------------

--
-- Struktura tabeli dla tabeli `panstwa`
--

CREATE TABLE `panstwa` (
  `Panstwo` varchar(17) DEFAULT NULL,
  `Kontynent` varchar(18) DEFAULT NULL,
  `Populacja` varchar(9) DEFAULT NULL
) ENGINE=InnoDB DEFAULT CHARSET=utf8;

--
-- Zrzut danych tabeli `panstwa`
--

INSERT INTO `panstwa` (`Panstwo`, `Kontynent`, `Populacja`) VALUES
('Afganistan', 'Azja', '32,5'),
('Algieria', 'Afryka', '39,7'),
('Argentyna', 'Ameryka Poludniowa', '43,4'),
('Bangladesz', 'Azja', '161,0'),
('Birma', 'Azja', '51,4'),
('Brazylia', 'Ameryka Poludniowa', '207,8'),
('Chiny', 'Azja', '1367,0'),
('DRK', 'Afryka', '77,3'),
('Egipt', 'Afryka', '91,5'),
('Etiopia', 'Afryka', '99,4'),
('Filipiny', 'Azja', '100,7'),
('Francja', 'Europa', '64,4'),
('Hiszpania', 'Europa', '46,1'),
('Indie', 'Azja', '1311,1'),
('Indonezja', 'Azja', '257,6'),
('Irak', 'Azja', '36,4'),
('Iran', 'Azja', '79,1'),
('Japonia', 'Azja', '126,6'),
('Kanada', 'Ameryka Polnocna', '35,9'),
('Kenia', 'Afryka', '46,1'),
('Kolumbia', 'Ameryka Poludniowa', '48,2'),
('Korea Poludniowa', 'Azja', '50,3'),
('Maroko', 'Afryka', '34,4'),
('Meksyk', 'Ameryka Polnocna', '127,0'),
('Niemcy', 'Europa', '80,7'),
('Nigeria', 'Afryka', '182,2'),
('Pakistan', 'Azja', '188,9'),
('Polska', 'Europa', '38,6'),
('Poludniowa Afryka', 'Afryka', '54,5'),
('Rosja', 'Europa', '143,5'),
('Sudan', 'Afryka', '40,2'),
('Tajlandia', 'Azja', '68,0'),
('Tanzania', 'Afryka', '53,5'),
('Turcja', 'Azja', '78,7'),
('Uganda', 'Afryka', '39,0'),
('Ukraina', 'Europa', '44,8'),
('USA', 'Ameryka Polnocna', '321,8'),
('Wielka Brytania', 'Europa', '64,7'),
('Wietnam', 'Azja', '93,4'),
('Wlochy', 'Europa', '59,8');

-- --------------------------------------------------------

--
-- Struktura tabeli dla tabeli `uzytkownicy`
--

CREATE TABLE `uzytkownicy` (
  `Panstwo` varchar(17) DEFAULT NULL,
  `Jezyk` varchar(21) DEFAULT NULL,
  `Uzytkownicy` float DEFAULT NULL,
  `Urzedowy` varchar(8) DEFAULT NULL
) ENGINE=InnoDB DEFAULT CHARSET=utf8;

--
-- Zrzut danych tabeli `uzytkownicy`
--

INSERT INTO `uzytkownicy` (`Panstwo`, `Jezyk`, `Uzytkownicy`, `Urzedowy`) VALUES
('Chiny', 'mandarynski', 1212, 'tak'),
('Indie', 'hindi', 422, 'tak'),
('USA', 'angielski', 255, 'tak'),
('Brazylia', 'portugalski', 202, 'tak'),
('Bangladesz', 'bengalski', 157, 'tak'),
('Japonia', 'japonski', 125, 'tak'),
('Rosja', 'rosyjski', 119, 'tak'),
('Meksyk', 'hiszpanski', 118, 'tak'),
('Egipt', 'arabski', 89, 'tak'),
('Indonezja', 'jawajski', 84, 'nie'),
('Indie', 'bengalski', 83, 'nie'),
('Pakistan', 'pendzabski', 76, 'nie'),
('Indie', 'telugu', 74, 'nie'),
('Chiny', 'kantonski', 72, 'nie'),
('Indie', 'marathi', 71, 'nie'),
('Niemcy', 'niemiecki', 69, 'tak'),
('Wietnam', 'wietnamski', 65, 'tak'),
('Turcja', 'turecki', 64, 'tak'),
('Indie', 'tamilski', 60, 'nie'),
('Wielka Brytania', 'angielski', 59, 'tak'),
('Francja', 'francuski', 59, 'tak'),
('Wlochy', 'wloski', 55, 'tak'),
('Indie', 'urdu', 51, 'nie'),
('Korea Poludniowa', 'koreanski', 48, 'tak'),
('Kolumbia', 'hiszpanski', 47, 'tak'),
('Indie', 'gudzaracki', 46, 'nie'),
('Indonezja', 'sundanese', 42, 'nie'),
('USA', 'hiszpanski', 41, 'nie'),
('Iran', 'perski', 39, 'tak'),
('Argentyna', 'hiszpanski', 39, 'tak'),
('Indie', 'kannada', 37, 'nie'),
('Polska', 'polski', 37, 'tak'),
('Etiopia', 'oromo', 35, 'nie'),
('Hiszpania', 'hiszpanski', 34, 'tak'),
('Indie', 'malayalam', 33, 'nie'),
('Indie', 'odia', 33, 'nie'),
('Birma', 'birmanski', 32, 'tak'),
('Ukraina', 'ukrainski', 32, 'tak'),
('Etiopia', 'amharski', 30, 'tak'),
('Indie', 'pendzabski', 29, 'nie'),
('Algieria', 'arabski', 28, 'tak'),
('Pakistan', 'paszto', 26, 'nie'),
('Sudan', 'arabski', 26, 'tak'),
('Filipiny', 'tagalog', 26, 'tak'),
('Maroko', 'arabski', 25, 'tak'),
('Pakistan', 'sindhi', 24, 'nie'),
('Nigeria', 'igbo', 24, 'nie'),
('Indonezja', 'indonezyjski', 23, 'tak'),
('Irak', 'arabski', 22, 'tak'),
('Filipiny', 'cebuano', 21, 'nie'),
('Tajlandia', 'tajski', 20, 'tak'),
('Kanada', 'angielski', 19, 'tak'),
('Nigeria', 'yoruba', 18, 'nie'),
('Nigeria', 'hausa', 18, 'nie'),
('Pakistan', 'saraiki', 18, 'nie'),
('Chiny', 'zhuang', 16, 'nie'),
('Afganistan', 'dari', 16, 'tak'),
('Tajlandia', 'lao', 15, 'nie'),
('Tanzania', 'suahili', 15, 'tak'),
('Indonezja', 'madurese', 13, 'nie'),
('Iran', 'azerski', 13, 'nie'),
('Indie', 'assamski', 13, 'nie'),
('Pakistan', 'urdu', 13, 'tak'),
('Indie', 'maithili', 12, 'nie'),
('Poludniowa Afryka', 'zulu', 11, 'tak'),
('Chiny', 'ujgurski', 10, 'nie'),
('Indie', 'bhili', 9, 'nie'),
('Chiny', 'hmong', 9, 'nie'),
('Afganistan', 'paszto', 8, 'tak'),
('Chiny', 'yi', 8, 'nie'),
('Ukraina', 'rosyjski', 8, 'nie'),
('Poludniowa Afryka', 'xhosa', 8, 'tak'),
('Kanada', 'francuski', 8, 'tak'),
('Turcja', 'kurdyjski', 8, 'nie'),
('Algieria', 'kabyle', 8, 'nie'),
('Filipiny', 'ilocano', 7, 'nie'),
('Hiszpania', 'katalonski', 7, 'nie'),
('Iran', 'kurdyjski', 7, 'nie'),
('Irak', 'kurdyjski', 7, 'tak'),
('Tanzania', 'sukuma', 7, 'nie'),
('Filipiny', 'hiligaynon', 7, 'nie'),
('Poludniowa Afryka', 'afrikaans', 6, 'tak'),
('Kenia', 'gikuyu', 6, 'nie'),
('Etiopia', 'somalijski', 6, 'nie'),
('Indie', 'santali', 6, 'nie'),
('Chiny', 'tibetan', 6, 'nie'),
('DRK', 'luba-kasai', 6, 'tak'),
('Etiopia', 'tigrinya', 6, 'nie'),
('Pakistan', 'beludzi', 6, 'nie'),
('Chiny', 'mongolski', 6, 'nie'),
('Tajlandia', 'khammuang', 6, 'nie'),
('Uganda', 'ganda', 5, 'nie'),
('Indie', 'kaszmirski', 5, 'nie'),
('Indonezja', 'minangkabau', 5, 'nie'),
('Iran', 'gilaki', 5, 'nie'),
('Poludniowa Afryka', 'angielski', 4, 'tak'),
('Poludniowa Afryka', 'sotho', 4, 'tak'),
('Iran', 'luri', 4, 'nie'),
('Tajlandia', 'paktai', 4, 'nie'),
('Rosja', 'tatarski', 4, 'nie'),
('DRK', 'kituba', 4, 'tak'),
('Poludniowa Afryka', 'tswana', 4, 'tak'),
('Kenia', 'dholuo', 4, 'nie'),
('Nigeria', 'angielski', 4, 'tak'),
('Indonezja', 'musi', 3, 'nie'),
('Kenia', 'kamba', 3, 'nie'),
('Maroko', 'tachelhit', 3, 'nie'),
('Indonezja', 'minhasan', 3, 'nie'),
('Poludniowa Afryka', 'sesotho', 3, 'tak'),
('Indonezja', 'aceh', 3, 'nie'),
('Indonezja', 'bandzarski', 3, 'nie'),
('Indonezja', 'bugis', 3, 'nie'),
('Uganda', 'nyankore', 3, 'nie'),
('Indonezja', 'bali', 3, 'nie'),
('Birma', 'shan', 3, 'nie'),
('Hiszpania', 'galicyjski', 3, 'nie'),
('Filipiny', 'waray-waray', 3, 'nie'),
('DRK', 'koongo', 3, 'nie'),
('Nigeria', 'kanuri', 3, 'nie'),
('Uganda', 'soga', 3, 'nie'),
('Afganistan', 'uzbecki', 2, 'nie'),
('Chiny', 'kam', 2, 'nie'),
('Chiny', 'buyei', 2, 'nie'),
('Indie', 'nepalski', 2, 'nie'),
('USA', 'mandarynski', 2, 'nie'),
('Chiny', 'mien', 2, 'nie'),
('Indie', 'gondi', 2, 'nie'),
('Indonezja', 'betawi', 2, 'nie'),
('Birma', 'karen', 2, 'nie'),
('Filipiny', 'bikol', 2, 'nie'),
('Filipiny', 'kapampangan', 2, 'nie'),
('Indie', 'sindhi', 2, 'nie'),
('Indie', 'konkani', 2, 'nie'),
('Filipiny', 'pangasinan', 2, 'nie'),
('Kenia', 'somalijski', 2, 'nie'),
('Uganda', 'chiga', 2, 'nie'),
('Uganda', 'teso', 2, 'nie'),
('Etiopia', 'wolaytta', 2, 'nie'),
('Indie', 'dogri', 2, 'nie'),
('Maroko', 'tamazight', 2, 'tak'),
('Poludniowa Afryka', 'tsonga', 2, 'tak'),
('Filipiny', 'maranao', 2, 'nie'),
('Kenia', 'ekegusii', 2, 'nie'),
('Etiopia', 'gurage', 2, 'nie'),
('Etiopia', 'sidamo', 2, 'nie'),
('Indie', 'khandeshi', 2, 'nie'),
('Indonezja', 'sasak', 2, 'nie'),
('Rosja', 'niemiecki', 2, 'nie'),
('Uganda', 'lango', 2, 'nie'),
('USA', 'francuski', 2, 'nie'),
('Algieria', 'tachawit', 2, 'nie'),
('DRK', 'lingala', 2, 'tak'),
('Indonezja', 'bataktoba', 2, 'nie'),
('Irak', 'azerski', 2, 'nie'),
('Nigeria', 'ijaw', 2, 'nie'),
('Nigeria', 'tiv', 2, 'nie'),
('Sudan', 'bedawiyet', 2, 'nie'),
('Indonezja', 'ambonski', 1, 'nie'),
('Kenia', 'kipsigis', 1, 'nie'),
('Tanzania', 'gogo', 1, 'nie'),
('Afganistan', 'hazaragi', 1, 'nie'),
('Chiny', 'koreanski', 1, 'nie'),
('Etiopia', 'afar', 1, 'nie'),
('Etiopia', 'hadiyya', 1, 'nie'),
('Filipiny', 'tausug', 1, 'nie'),
('Filipiny', 'maguindanao', 1, 'nie'),
('Indie', 'kurukh', 1, 'nie'),
('Chiny', 'hani', 1, 'nie'),
('Indie', 'tulu', 1, 'nie'),
('Kenia', 'kimiiru', 1, 'nie'),
('Nigeria', 'fula', 1, 'nie'),
('Tanzania', 'haya', 1, 'nie'),
('Turcja', 'zazaki', 1, 'nie'),
('Uganda', 'masaaba', 1, 'nie'),
('Etiopia', 'gamo', 1, 'nie'),
('Indonezja', 'makassarese', 1, 'nie'),
('USA', 'tagalog', 1, 'nie'),
('Wietnam', 'tay', 1, 'nie'),
('Afganistan', 'turkmenski', 1, 'nie'),
('Argentyna', 'wloski', 1, 'nie'),
('Brazylia', 'niemiecki', 1, 'nie'),
('Chiny', 'hlai', 1, 'nie'),
('Chiny', 'kazakh', 1, 'nie'),
('DRK', 'luba-katanga', 1, 'nie'),
('Indie', 'meitei', 1, 'nie'),
('Iran', 'arabski', 1, 'nie'),
('Iran', 'beludzi', 1, 'nie'),
('Niemcy', 'turecki', 1, 'nie'),
('Nigeria', 'ibibio', 1, 'nie'),
('Uganda', 'acholi', 1, 'nie'),
('Etiopia', 'gedeo', 1, 'nie'),
('Indie', 'bodo', 1, 'nie'),
('Kenia', 'lubukusu', 1, 'nie'),
('Meksyk', 'nahuatl', 1, 'nie'),
('Rosja', 'czeczenski', 1, 'nie'),
('Tajlandia', 'khmerski', 1, 'nie'),
('Tajlandia', 'yawi', 1, 'nie'),
('USA', 'wietnamski', 1, 'nie'),
('Maroko', 'tarift', 1, 'nie'),
('Pakistan', 'uzbecki', 1, 'nie'),
('Poludniowa Afryka', 'suazi', 1, 'tak'),
('Tanzania', 'makonde', 1, 'nie'),
('Tanzania', 'nyamwezi', 1, 'nie'),
('Chiny', 'bai', 1, 'nie'),
('Filipiny', 'chavacano', 1, 'nie'),
('Indonezja', 'batakdairi', 1, 'nie'),
('Indonezja', 'bataksimalungun', 1, 'nie'),
('Poludniowa Afryka', 'venda', 1, 'tak'),
('Rosja', 'baszkirski', 1, 'nie'),
('Uganda', 'fumbira', 1, 'nie'),
('Etiopia', 'kafa', 1, 'nie'),
('Filipiny', 'kinaray-a', 1, 'nie'),
('Indie', 'khasi', 1, 'nie'),
('Indie', 'mundari', 1, 'nie'),
('Indonezja', 'batakmandailing', 1, 'nie'),
('Poludniowa Afryka', 'ndebele', 1, 'tak'),
('Rosja', 'ukrainski', 1, 'nie'),
('Tanzania', 'hehe', 1, 'nie'),
('Tanzania', 'nyakyusa-ngonde', 1, 'nie'),
('Turcja', 'arabski', 1, 'nie'),
('Uganda', 'lugbara', 1, 'nie'),
('USA', 'koreanski', 1, 'nie'),
('USA', 'niemiecki', 1, 'nie'),
('Wietnam', 'muong', 1, 'nie'),
('Wietnam', 'hmong', 1, 'nie'),
('Wietnam', 'khmerski', 1, 'nie'),
('Argentyna', 'arabski', 1, 'nie'),
('DRK', 'ngbaka', 1, 'nie'),
('DRK', 'songe', 1, 'nie'),
('Egipt', 'beja', 1, 'nie'),
('Filipiny', 'surigaonon', 1, 'nie'),
('Indie', 'ho', 1, 'nie'),
('Indonezja', 'hokkien', 1, 'nie'),
('Indonezja', 'jambi', 1, 'nie'),
('Japonia', 'okinawski', 1, 'nie'),
('Kenia', 'turkana', 1, 'nie'),
('Nigeria', 'edo', 1, 'nie'),
('Rosja', 'czuwaski', 1, 'nie'),
('Tanzania', 'ha', 1, 'nie'),
('Turcja', 'kabardyjski', 1, 'nie'),
('Uganda', 'alur', 1, 'nie'),
('Uganda', 'nyoro', 1, 'nie'),
('USA', 'rumunski', 1, 'nie'),
('USA', 'arabski', 1, 'nie'),
('Wietnam', 'nung', 1, 'nie'),
('Birma', 'jinpgho', 0, 'nie'),
('DRK', 'nande', 0, 'nie'),
('Francja', 'arabski', 0, 'nie'),
('Hiszpania', 'baskijski', 0, 'nie'),
('Indie', 'kui', 0, 'nie'),
('Indie', 'garo', 0, 'nie'),
('Indie', 'tripuri', 0, 'nie'),
('Indonezja', 'gorontalo', 0, 'nie'),
('Indonezja', 'mongondow', 0, 'nie'),
('Indonezja', 'ngajudayak', 0, 'nie'),
('Kenia', 'maasai', 0, 'nie'),
('Kenia', 'nandi', 0, 'nie'),
('Kenia', 'kigiryama', 0, 'nie'),
('Korea Poludniowa', 'mandarynski', 0, 'nie'),
('Uganda', 'konzo', 0, 'nie'),
('USA', 'rosyjski', 0, 'nie'),
('Wietnam', 'kantonski', 0, 'nie'),
('Argentyna', 'keczua', 0, 'nie'),
('Birma', 'rakhine', 0, 'nie'),
('Birma', 'rohingya', 0, 'nie'),
('Birma', 'chin', 0, 'nie'),
('Birma', 'mon', 0, 'nie'),
('DRK', 'alur', 0, 'nie'),
('DRK', 'tetela', 0, 'nie'),
('Indonezja', 'nias', 0, 'nie'),
('Meksyk', 'maya', 0, 'nie'),
('Niemcy', 'polski', 0, 'nie'),
('Tanzania', 'nyaturu', 0, 'nie'),
('Uganda', 'tooro', 0, 'nie'),
('Wlochy', 'rumunski', 0, 'nie'),
('Chiny', 'hakka', 0, 'nie'),
('Chiny', 'lisu', 0, 'nie'),
('DRK', 'zande', 0, 'nie'),
('DRK', 'yaka', 0, 'nie'),
('DRK', 'yombe', 0, 'nie'),
('DRK', 'shi', 0, 'nie'),
('Francja', 'alzacki', 0, 'nie'),
('Indie', 'mizo', 0, 'nie'),
('Indonezja', 'batakangkola', 0, 'nie'),
('Indonezja', 'minnan', 0, 'nie'),
('Indonezja', 'molukanski', 0, 'nie'),
('Rosja', 'armenski', 0, 'nie'),
('Rosja', 'awarski', 0, 'nie'),
('Sudan', 'fur', 0, 'nie'),
('Tanzania', 'luguru', 0, 'nie'),
('Tanzania', 'bena', 0, 'nie'),
('Tanzania', 'shambala', 0, 'nie'),
('Uganda', 'ng\'akarimojong', 0, 'nie'),
('USA', 'wloski', 0, 'nie'),
('USA', 'portugalski', 0, 'nie'),
('Wietnam', 'taidam', 0, 'nie'),
('Birma', 'pa\'o', 0, 'nie'),
('Chiny', 'dongxiang', 0, 'nie'),
('DRK', 'mangbetu', 0, 'nie'),
('Francja', 'okcytanski', 0, 'nie'),
('Francja', 'portugalski', 0, 'nie'),
('Indie', 'halabi', 0, 'nie'),
('Indie', 'korku', 0, 'nie'),
('Indie', 'mishing', 0, 'nie'),
('Indonezja', 'batakkaro', 0, 'nie'),
('Indonezja', 'uabmeto', 0, 'nie'),
('Kenia', 'pokoot', 0, 'nie'),
('Kenia', 'lulogooli', 0, 'nie'),
('Kenia', 'idakho', 0, 'nie'),
('Niemcy', 'wloski', 0, 'nie'),
('Niemcy', 'arabski', 0, 'nie'),
('Tanzania', 'maasai', 0, 'nie'),
('Tanzania', 'nilamba', 0, 'nie'),
('Tanzania', 'mochi', 0, 'nie'),
('Tanzania', 'yao', 0, 'nie'),
('Uganda', 'gwere', 0, 'nie'),
('Ukraina', 'jidysz', 0, 'nie'),
('USA', 'hindi', 0, 'nie'),
('USA', 'polski', 0, 'nie'),
('Wielka Brytania', 'polski', 0, 'nie'),
('Wielka Brytania', 'walijski', 0, 'nie'),
('Wlochy', 'friulski', 0, 'nie'),
('Afganistan', 'aimaq', 0, 'nie'),
('Birma', 'palaung', 0, 'nie'),
('Birma', 'mandarynski', 0, 'nie'),
('Brazylia', 'hiszpanski', 0, 'nie'),
('Chiny', 'lahu', 0, 'nie'),
('DRK', 'chokwe', 0, 'nie'),
('Filipiny', 'masbateno', 0, 'nie'),
('Filipiny', 'aklanon', 0, 'nie'),
('Francja', 'wloski', 0, 'nie'),
('Francja', 'hiszpanski', 0, 'nie'),
('Indie', 'munda', 0, 'nie'),
('Indonezja', 'bima', 0, 'nie'),
('Indonezja', 'komering', 0, 'nie'),
('Indonezja', 'manggarai', 0, 'nie'),
('Indonezja', 'toraja-sa\'dan', 0, 'nie'),
('Niemcy', 'kurdyjski', 0, 'nie'),
('Niemcy', 'rumunski', 0, 'nie'),
('Rosja', 'kabardyjski', 0, 'nie'),
('Rosja', 'maryjski', 0, 'nie'),
('Rosja', 'dargwa', 0, 'nie'),
('Rosja', 'azerski', 0, 'nie'),
('Rosja', 'ossetic', 0, 'nie'),
('Tajlandia', 'ngaw', 0, 'nie'),
('Tajlandia', 'phuthai', 0, 'nie'),
('Tanzania', 'makhuwa-meetto', 0, 'nie'),
('Tanzania', 'asu', 0, 'nie'),
('Tanzania', 'mwera', 0, 'nie'),
('Tanzania', 'iraqw', 0, 'nie'),
('Turcja', 'azerski', 0, 'nie'),
('Uganda', 'nyole', 0, 'nie'),
('Uganda', 'saamia', 0, 'nie'),
('Uganda', 'aringa', 0, 'nie'),
('Uganda', 'adhola', 0, 'nie'),
('Wlochy', 'arabski', 0, 'nie'),
('Afganistan', 'pashai', 0, 'nie'),
('Argentyna', 'niemiecki', 0, 'nie'),
('Birma', 'tavoyan', 0, 'nie'),
('Birma', 'wa', 0, 'nie'),
('Brazylia', 'japonski', 0, 'nie'),
('Chiny', 'va', 0, 'nie'),
('Chiny', 'sui', 0, 'nie'),
('DRK', 'sanga', 0, 'nie'),
('DRK', 'phende', 0, 'nie'),
('DRK', 'fuliiru', 0, 'nie'),
('DRK', 'lega-shabunda', 0, 'nie'),
('DRK', 'mongo-nkundu', 0, 'nie'),
('DRK', 'mbadja', 0, 'nie'),
('Egipt', 'nobiin', 0, 'nie'),
('Indie', 'karbi', 0, 'nie'),
('Indie', 'koya', 0, 'nie'),
('Indie', 'angielski', 0, 'tak'),
('Indonezja', 'rejang', 0, 'nie'),
('Indonezja', 'tetum', 0, 'nie'),
('Irak', 'perski', 0, 'nie'),
('Irak', 'turkmenski', 0, 'nie'),
('Kanada', 'pendzabski', 0, 'nie'),
('Kanada', 'hiszpanski', 0, 'nie'),
('Kanada', 'niemiecki', 0, 'nie'),
('Kanada', 'wloski', 0, 'nie'),
('Kanada', 'kantonski', 0, 'nie'),
('Kenia', 'chiduruma', 0, 'nie'),
('Meksyk', 'mixtec', 0, 'nie'),
('Meksyk', 'zapotec', 0, 'nie'),
('Meksyk', 'arabski', 0, 'nie'),
('Meksyk', 'tseltal', 0, 'nie'),
('Meksyk', 'angielski', 0, 'nie'),
('Poludniowa Afryka', 'hindi', 0, 'nie'),
('Rosja', 'kumyk', 0, 'nie'),
('Rosja', 'lezgi', 0, 'nie'),
('Sudan', 'masalit', 0, 'nie'),
('Tajlandia', 'karen', 0, 'nie'),
('Tajlandia', 'kuy', 0, 'nie'),
('Tanzania', 'kuria', 0, 'nie'),
('Tanzania', 'langi', 0, 'nie'),
('Tanzania', 'nyambo', 0, 'nie'),
('Tanzania', 'zigula', 0, 'nie'),
('Turcja', 'bulgarski', 0, 'nie'),
('USA', 'japonski', 0, 'nie'),
('USA', 'perski', 0, 'nie'),
('USA', 'urdu', 0, 'nie'),
('USA', 'gudzaracki', 0, 'nie'),
('Wlochy', 'albanski', 0, 'nie'),
('Bangladesz', 'hindi', 0, 'nie'),
('Birma', 'lisu', 0, 'nie'),
('Chiny', 'nashi', 0, 'nie'),
('Chiny', 'qiang', 0, 'nie'),
('Chiny', 'monguor', 0, 'nie'),
('DRK', 'bemba', 0, 'nie'),
('DRK', 'bembe', 0, 'nie'),
('DRK', 'kinyarwanda', 0, 'nie'),
('DRK', 'ngbandi', 0, 'nie'),
('DRK', 'taabwa', 0, 'nie'),
('Egipt', 'domari', 0, 'nie'),
('Filipiny', 'ibanag', 0, 'nie'),
('Francja', 'bretonski', 0, 'nie'),
('Indie', 'ao', 0, 'nie'),
('Indie', 'savara', 0, 'nie'),
('Indonezja', 'bangka', 0, 'nie'),
('Indonezja', 'basasemawa', 0, 'nie'),
('Indonezja', 'gayo', 0, 'nie'),
('Indonezja', 'kantonski', 0, 'nie'),
('Indonezja', 'lewotobi', 0, 'nie'),
('Indonezja', 'muna', 0, 'nie'),
('Indonezja', 'osing', 0, 'nie'),
('Indonezja', 'tae', 0, 'nie'),
('Indonezja', 'tolaki', 0, 'nie'),
('Kanada', 'arabski', 0, 'nie'),
('Kanada', 'tagalog', 0, 'nie'),
('Kenia', 'kiembu', 0, 'nie'),
('Kenia', 'chidigo', 0, 'nie'),
('Kenia', 'olunyole', 0, 'nie'),
('Kenia', 'oluwanga', 0, 'nie'),
('Kenia', 'borana', 0, 'nie'),
('Kenia', 'dawida', 0, 'nie'),
('Kenia', 'markweeta', 0, 'nie'),
('Kenia', 'nyala', 0, 'nie'),
('Kenia', 'kuria', 0, 'nie'),
('Kenia', 'lukabaras', 0, 'nie'),
('Meksyk', 'tsotsil', 0, 'nie'),
('Niemcy', 'grecki', 0, 'nie'),
('Niemcy', 'serbsko-chorwacki', 0, 'nie'),
('Niemcy', 'angielski', 0, 'nie'),
('Poludniowa Afryka', 'tamilski', 0, 'nie'),
('Rosja', 'inguski', 0, 'nie'),
('Rosja', 'karaczajsko-balkarski', 0, 'nie'),
('Sudan', 'kanuri', 0, 'nie'),
('Tanzania', 'machame', 0, 'nie'),
('Tanzania', 'vunjo', 0, 'nie'),
('Tanzania', 'mambwe-lungu', 0, 'nie'),
('Tanzania', 'gudzaracki', 0, 'nie'),
('Turcja', 'adygejski', 0, 'nie'),
('Uganda', 'suahili', 0, 'tak'),
('Uganda', 'ma\'di', 0, 'nie'),
('Uganda', 'kupsapiiny', 0, 'nie'),
('Uganda', 'kumam', 0, 'nie'),
('Ukraina', 'rumunski', 0, 'nie'),
('Ukraina', 'bialoruski', 0, 'nie'),
('Ukraina', 'tatarski', 0, 'nie'),
('USA', 'grecki', 0, 'nie'),
('USA', 'serbsko-chorwacki', 0, 'nie'),
('Wielka Brytania', 'urdu', 0, 'nie'),
('Wietnam', 'zhuang', 0, 'nie'),
('Wietnam', 'taidon', 0, 'nie'),
('Wlochy', 'hiszpanski', 0, 'nie'),
('Afganistan', 'beludzi', 0, 'nie'),
('Afganistan', 'brahui', 0, 'nie'),
('Argentyna', 'guarani', 0, 'nie'),
('Argentyna', 'jidysz', 0, 'nie'),
('Argentyna', 'katalonski', 0, 'nie'),
('Birma', 'akha', 0, 'nie'),
('Birma', 'lahu', 0, 'nie'),
('Birma', 'kayah', 0, 'nie'),
('Chiny', 'mulam', 0, 'nie'),
('Chiny', 'xibe', 0, 'nie'),
('Chiny', 'kirgiski', 0, 'nie'),
('DRK', 'logo', 0, 'nie'),
('DRK', 'kanyok', 0, 'nie'),
('DRK', 'budu', 0, 'nie'),
('DRK', 'kele', 0, 'nie'),
('DRK', 'ruund', 0, 'nie'),
('DRK', 'tembo', 0, 'nie'),
('Francja', 'niemiecki', 0, 'nie'),
('Francja', 'polski', 0, 'nie'),
('Francja', 'turecki', 0, 'nie'),
('Indie', 'konyak', 0, 'nie'),
('Indie', 'kharia', 0, 'nie'),
('Indie', 'malto', 0, 'nie'),
('Indie', 'nissi', 0, 'nie'),
('Indie', 'adi', 0, 'nie'),
('Indie', 'thado', 0, 'nie'),
('Indie', 'lotha', 0, 'nie'),
('Indie', 'coorgi', 0, 'nie'),
('Indie', 'rabha', 0, 'nie'),
('Irak', 'gurani', 0, 'nie'),
('Irak', 'asyryjski', 0, 'nie'),
('Japonia', 'mandarynski', 0, 'nie'),
('Kanada', 'mandarynski', 0, 'nie'),
('Kanada', 'portugalski', 0, 'nie'),
('Kanada', 'polski', 0, 'nie'),
('Kanada', 'urdu', 0, 'nie'),
('Kanada', 'perski', 0, 'nie'),
('Kanada', 'rosyjski', 0, 'nie'),
('Kenia', 'sabaot', 0, 'nie'),
('Kenia', 'kitharaka', 0, 'nie'),
('Kenia', 'olumarachi', 0, 'nie'),
('Kenia', 'olumarama', 0, 'nie'),
('Meksyk', 'otomi', 0, 'nie'),
('Meksyk', 'totonac', 0, 'nie'),
('Meksyk', 'mazatec', 0, 'nie'),
('Meksyk', 'ch\'ol', 0, 'nie'),
('Niemcy', 'rosyjski', 0, 'nie'),
('Niemcy', 'bulgarski', 0, 'nie'),
('Niemcy', 'albanski', 0, 'nie'),
('Niemcy', 'wegierski', 0, 'nie'),
('Niemcy', 'hiszpanski', 0, 'nie'),
('Nigeria', 'arabski', 0, 'nie'),
('Nigeria', 'bacama', 0, 'nie'),
('Nigeria', 'bata', 0, 'nie'),
('Pakistan', 'rohingya', 0, 'nie'),
('Pakistan', 'arabski', 0, 'nie'),
('Rosja', 'komi', 0, 'nie'),
('Rosja', 'buriacki', 0, 'nie'),
('Rosja', 'tuwinski', 0, 'nie'),
('Sudan', 'berta', 0, 'nie'),
('Sudan', 'zaghawa', 0, 'nie'),
('Tanzania', 'nyiha', 0, 'nie'),
('Tanzania', 'kagulu', 0, 'nie'),
('Tanzania', 'ngingo', 0, 'nie'),
('Tanzania', 'jita', 0, 'nie'),
('Tanzania', 'fipa', 0, 'nie'),
('Tanzania', 'sumbwa', 0, 'nie'),
('Tanzania', 'pogolo', 0, 'nie'),
('Tanzania', 'ngoni', 0, 'nie'),
('Tanzania', 'safwa', 0, 'nie'),
('Tanzania', 'shubi', 0, 'nie'),
('Tanzania', 'hangaza', 0, 'nie'),
('Tanzania', 'matengo', 0, 'nie'),
('Tanzania', 'ndali', 0, 'nie'),
('Uganda', 'kakwa', 0, 'nie'),
('Ukraina', 'bulgarski', 0, 'nie'),
('Ukraina', 'wegierski', 0, 'nie'),
('USA', 'armenski', 0, 'nie'),
('USA', 'hebrajski', 0, 'nie'),
('USA', 'khmerski', 0, 'nie'),
('USA', 'hmong', 0, 'nie'),
('USA', 'navajo', 0, 'nie'),
('USA', 'thai', 0, 'nie'),
('USA', 'jidysz', 0, 'nie'),
('Wielka Brytania', 'pendzabski', 0, 'nie'),
('Wielka Brytania', 'bengalski', 0, 'nie'),
('Wielka Brytania', 'gudzaracki', 0, 'nie'),
('Wielka Brytania', 'arabski', 0, 'nie'),
('Wietnam', 'jarai', 0, 'nie'),
('Wietnam', 'phuthai', 0, 'nie'),
('Wietnam', 'rade', 0, 'nie'),
('Wietnam', 'kimmun', 0, 'nie'),
('Wietnam', 'caolan', 0, 'nie'),
('Wietnam', 'koho', 0, 'nie'),
('Wietnam', 'cham', 0, 'nie'),
('Wietnam', 'bahnar', 0, 'nie'),
('Wlochy', 'mandarynski', 0, 'nie'),
('Argentyna', 'mapuche', 0, 'nie'),
('Birma', 'kayan', 0, 'nie'),
('Birma', 'khun', 0, 'nie'),
('Chiny', 'jingpo', 0, 'nie'),
('Chiny', 'daur', 0, 'nie'),
('Chiny', 'salar', 0, 'nie'),
('Chiny', 'blang', 0, 'nie'),
('Chiny', 'maonan', 0, 'nie'),
('Chiny', 'tujia', 0, 'nie'),
('DRK', 'mayogo', 0, 'nie'),
('DRK', 'ngiti', 0, 'nie'),
('Filipiny', 'yakan', 0, 'nie'),
('Indie', 'tangkhul', 0, 'nie'),
('Indie', 'kisan', 0, 'nie'),
('Indie', 'angami', 0, 'nie'),
('Indie', 'phom', 0, 'nie'),
('Indie', 'kolami', 0, 'nie'),
('Indie', 'kuvi', 0, 'nie'),
('Indie', 'dimasa', 0, 'nie'),
('Indie', 'ladakhi', 0, 'nie'),
('Indie', 'sema', 0, 'nie'),
('Irak', 'chaldejski', 0, 'nie'),
('Kanada', 'wietnamski', 0, 'nie'),
('Kanada', 'koreanski', 0, 'nie'),
('Kanada', 'tamilski', 0, 'nie'),
('Kanada', 'ukrainski', 0, 'nie'),
('Kanada', 'holenderski', 0, 'nie'),
('Kanada', 'grecki', 0, 'nie'),
('Kanada', 'gudzaracki', 0, 'nie'),
('Kanada', 'hindi', 0, 'nie'),
('Kanada', 'rumunski', 0, 'nie'),
('Kanada', 'kri', 0, 'nie'),
('Kenia', 'suba', 0, 'nie'),
('Kenia', 'olushisa', 0, 'nie'),
('Kenia', 'olukhayo', 0, 'nie'),
('Kenia', 'olusamia', 0, 'nie'),
('Kenia', 'olutsotso', 0, 'nie'),
('Kenia', 'lutachoni', 0, 'nie'),
('Kenia', 'suahili', 0, 'tak'),
('Kenia', 'sagalla', 0, 'nie'),
('Korea Poludniowa', 'angielski', 0, 'nie'),
('Korea Poludniowa', 'wietnamski', 0, 'nie'),
('Meksyk', 'huastec', 0, 'nie'),
('Meksyk', 'chinantec', 0, 'nie'),
('Meksyk', 'mixe', 0, 'nie'),
('Meksyk', 'mazahua', 0, 'nie'),
('Meksyk', 'purepecha', 0, 'nie'),
('Meksyk', 'tlapanec', 0, 'nie'),
('Niemcy', 'ukrainski', 0, 'nie'),
('Niemcy', 'francuski', 0, 'nie'),
('Niemcy', 'mandarynski', 0, 'nie'),
('Niemcy', 'macedonski', 0, 'nie'),
('Nigeria', 'izere', 0, 'nie'),
('Polska', 'kaszubski', 0, 'nie'),
('Polska', 'angielski', 0, 'nie'),
('Polska', 'niemiecki', 0, 'nie'),
('Rosja', 'lak', 0, 'nie'),
('Rosja', 'altajski', 0, 'nie'),
('Rosja', 'romski', 0, 'nie'),
('Rosja', 'tabasaran', 0, 'nie'),
('Rosja', 'adygejski', 0, 'nie'),
('Sudan', 'ama', 0, 'nie'),
('Tanzania', 'kinga', 0, 'nie'),
('Tanzania', 'luo', 0, 'nie'),
('Tanzania', 'zinza', 0, 'nie'),
('Tanzania', 'ngulu', 0, 'nie'),
('Tanzania', 'kwaya', 0, 'nie'),
('Tanzania', 'suba', 0, 'nie'),
('Tanzania', 'kerewe', 0, 'nie'),
('Tanzania', 'ndendule', 0, 'nie'),
('Tanzania', 'zanaki', 0, 'nie'),
('Turcja', 'tatarski', 0, 'nie'),
('Uganda', 'pokoot', 0, 'nie'),
('Uganda', 'talinga-bwisi', 0, 'nie'),
('Uganda', 'kenye', 0, 'nie'),
('Uganda', 'gungu', 0, 'nie'),
('Uganda', 'thur', 0, 'nie'),
('Ukraina', 'polski', 0, 'nie'),
('Ukraina', 'armenski', 0, 'nie'),
('Ukraina', 'urum', 0, 'nie'),
('USA', 'laotanski', 0, 'nie'),
('USA', 'wegierski', 0, 'nie'),
('Wielka Brytania', 'portugalski', 0, 'nie'),
('Wielka Brytania', 'hiszpanski', 0, 'nie'),
('Wielka Brytania', 'tamilski', 0, 'nie'),
('Wietnam', 'roglai', 0, 'nie'),
('Wietnam', 'sedang', 0, 'nie'),
('Wietnam', 'taidaeng', 0, 'nie'),
('Wlochy', 'rosyjski', 0, 'nie'),
('Wlochy', 'ukrainski', 0, 'nie'),
('Wlochy', 'francuski', 0, 'nie'),
('Wlochy', 'okcytanski', 0, 'nie'),
('Wlochy', 'serbsko-chorwacki', 0, 'nie');

--
-- Indeksy dla zrzutów tabel
--

--
-- Indeksy dla tabeli `jezyki`
--
ALTER TABLE `jezyki`
  ADD KEY `Jezyk` (`Jezyk`);

--
-- Indeksy dla tabeli `panstwa`
--
ALTER TABLE `panstwa`
  ADD KEY `Panstwo` (`Panstwo`);

--
-- Indeksy dla tabeli `uzytkownicy`
--
ALTER TABLE `uzytkownicy`
  ADD KEY `Jezyk` (`Jezyk`),
  ADD KEY `Panstwo` (`Panstwo`);

--
-- Ograniczenia dla zrzutów tabel
--

--
-- Ograniczenia dla tabeli `jezyki`
--
ALTER TABLE `jezyki`
  ADD CONSTRAINT `jezyki_ibfk_1` FOREIGN KEY (`Jezyk`) REFERENCES `uzytkownicy` (`Jezyk`);

--
-- Ograniczenia dla tabeli `panstwa`
--
ALTER TABLE `panstwa`
  ADD CONSTRAINT `panstwa_ibfk_1` FOREIGN KEY (`Panstwo`) REFERENCES `uzytkownicy` (`Panstwo`);
COMMIT;

/*!40101 SET CHARACTER_SET_CLIENT=@OLD_CHARACTER_SET_CLIENT */;
/*!40101 SET CHARACTER_SET_RESULTS=@OLD_CHARACTER_SET_RESULTS */;
/*!40101 SET COLLATION_CONNECTION=@OLD_COLLATION_CONNECTION */;
